{"stats":{"minecraft:dropped":{"minecraft:black_dye":1,"minecraft:player_head":1,"minecraft:ink_sac":1,"minecraft:glow_ink_sac":1,"minecraft:netherite_block":65,"minecraft:netherite_chestplate":2,"minecraft:netherite_boots":2,"minecraft:oak_sign":1,"minecraft:splash_potion":1,"minecraft:grass_block":1,"minecraft:netherite_leggings":2,"minecraft:armor_stand":1,"minecraft:light":1},"minecraft:picked_up":{"minecraft:sculk_catalyst":7,"minecraft:andesite":3,"minecraft:netherite_boots":2,"minecraft:splash_potion":1,"minecraft:glow_ink_sac":1,"minecraft:ink_sac":1,"minecraft:light":1,"minecraft:gunpowder":4,"minecraft:netherite_leggings":2,"minecraft:netherite_block":65,"minecraft:white_banner":4,"minecraft:black_dye":1,"minecraft:armor_stand":1,"minecraft:bone":1,"minecraft:oak_sign":5,"minecraft:lever":1,"minecraft:crossbow":4,"minecraft:granite":20,"minecraft:player_head":1,"minecraft:netherite_chestplate":2,"minecraft:cobblestone":78},"minecraft:killed":{"minecraft:skeleton":4,"minecraft:pillager":3048,"minecraft:zombie":4,"minecraft:witch":1,"minecraft:spider":1,"minecraft:bat":1,"minecraft:warden":8,"minecraft:creeper":1,"minecraft:squid":1,"minecraft:cow":1},"minecraft:used":{"minecraft:warden_spawn_egg":8,"minecraft:netherite_sword":51,"minecraft:amethyst_block":138,"minecraft:trident":1,"minecraft:netherite_block":1428,"minecraft:lever":5,"minecraft:light":109,"minecraft:chipped_anvil":1,"minecraft:lava_bucket":28,"minecraft:flint_and_steel":123,"minecraft:armor_stand":215,"minecraft:grass_block":2,"minecraft:netherite_chestplate":3,"minecraft:oak_sign":44,"minecraft:stone":28,"minecraft:lime_dye":33,"minecraft:glow_ink_sac":35,"minecraft:purple_dye":6,"minecraft:player_head":79,"minecraft:sculk_sensor":4,"minecraft:netherite_boots":3,"minecraft:diamond_sword":93,"minecraft:dirt":10,"minecraft:cobblestone":5,"minecraft:bow":1,"minecraft:netherite_leggings":3,"minecraft:tnt":513,"minecraft:black_dye":26,"minecraft:crossbow":5,"minecraft:sculk_shrieker":1,"minecraft:repeating_command_block":1,"minecraft:red_dye":13,"minecraft:splash_potion":62},"minecraft:custom":{"minecraft:time_since_rest":103671,"minecraft:sprint_one_cm":45755,"minecraft:walk_one_cm":317972,"minecraft:mob_kills":3176,"minecraft:interact_with_anvil":1,"minecraft:drop":17,"minecraft:damage_dealt":44712,"minecraft:swim_one_cm":2954,"minecraft:fly_one_cm":283004,"minecraft:crouch_one_cm":23742,"minecraft:play_time":103671,"minecraft:sneak_time":5483,"minecraft:walk_under_water_one_cm":3944,"minecraft:jump":462,"minecraft:leave_game":7,"minecraft:time_since_death":103671,"minecraft:walk_on_water_one_cm":8843,"minecraft:total_world_time":135583}},"DataVersion":3120}